PARK NAME,BASE URL,URL CAMPING,URL ACTIVITIES,URL FACILITIES,URL MAPS
Aaron,http:/www.ontarioparks.com/park/aaron,http:/www.ontarioparks.com/park/aaron/camping,http:/www.ontarioparks.com/park/aaron/activities,http:/www.ontarioparks.com/park/aaron/facilities,http:/www.ontarioparks.com/park/aaron/maps
Algonquin,http:/www.ontarioparks.com/park/algonquin,http:/www.ontarioparks.com/park/algonquin/camping,http:/www.ontarioparks.com/park/algonquin/activities,http:/www.ontarioparks.com/park/algonquin/facilities,http:/www.ontarioparks.com/park/algonquin/maps
Arrowhead,http:/www.ontarioparks.com/park/arrowhead,http:/www.ontarioparks.com/park/arrowhead/camping,http:/www.ontarioparks.com/park/arrowhead/activities,http:/www.ontarioparks.com/park/arrowhead/facilities,http:/www.ontarioparks.com/park/arrowhead/maps
Awenda,http:/www.ontarioparks.com/park/awenda,http:/www.ontarioparks.com/park/awenda/camping,http:/www.ontarioparks.com/park/awenda/activities,http:/www.ontarioparks.com/park/awenda/facilities,http:/www.ontarioparks.com/park/awenda/maps
Balsam Lake,http:/www.ontarioparks.com/park/balsamlake,http:/www.ontarioparks.com/park/balsamlake/camping,http:/www.ontarioparks.com/park/balsamlake/activities,http:/www.ontarioparks.com/park/balsamlake/facilities,http:/www.ontarioparks.com/park/balsamlake/maps
Bass Lake,http:/www.ontarioparks.com/park/basslake,http:/www.ontarioparks.com/park/basslake/camping,http:/www.ontarioparks.com/park/basslake/activities,http:/www.ontarioparks.com/park/basslake/facilities,http:/www.ontarioparks.com/park/basslake/maps
Batchawana,http:/www.ontarioparks.com/park/batchawana,http:/www.ontarioparks.com/park/batchawana/camping,http:/www.ontarioparks.com/park/batchawana/activities,http:/www.ontarioparks.com/park/batchawana/facilities,http:/www.ontarioparks.com/park/batchawana/maps
Biscotasi Lake,http:/www.ontarioparks.com/park/biscotasilake,http:/www.ontarioparks.com/park/biscotasilake/camping,http:/www.ontarioparks.com/park/biscotasilake/activities,http:/www.ontarioparks.com/park/biscotasilake/facilities,http:/www.ontarioparks.com/park/biscotasilake/maps
Blue Lake,http:/www.ontarioparks.com/park/bluelake,http:/www.ontarioparks.com/park/bluelake/camping,http:/www.ontarioparks.com/park/bluelake/activities,http:/www.ontarioparks.com/park/bluelake/facilities,http:/www.ontarioparks.com/park/bluelake/maps
Bon Echo,http:/www.ontarioparks.com/park/bonecho,http:/www.ontarioparks.com/park/bonecho/camping,http:/www.ontarioparks.com/park/bonecho/activities,http:/www.ontarioparks.com/park/bonecho/facilities,http:/www.ontarioparks.com/park/bonecho/maps
Bonnechere,http:/www.ontarioparks.com/park/bonnechere,http:/www.ontarioparks.com/park/bonnechere/camping,http:/www.ontarioparks.com/park/bonnechere/activities,http:/www.ontarioparks.com/park/bonnechere/facilities,http:/www.ontarioparks.com/park/bonnechere/maps
Bronte Creek,http:/www.ontarioparks.com/park/brontecreek,http:/www.ontarioparks.com/park/brontecreek/camping,http:/www.ontarioparks.com/park/brontecreek/activities,http:/www.ontarioparks.com/park/brontecreek/facilities,http:/www.ontarioparks.com/park/brontecreek/maps
Caliper Lake,http:/www.ontarioparks.com/park/caliperlake,http:/www.ontarioparks.com/park/caliperlake/camping,http:/www.ontarioparks.com/park/caliperlake/activities,http:/www.ontarioparks.com/park/caliperlake/facilities,http:/www.ontarioparks.com/park/caliperlake/maps
Charleston Lake,http:/www.ontarioparks.com/park/charlestonlake,http:/www.ontarioparks.com/park/charlestonlake/camping,http:/www.ontarioparks.com/park/charlestonlake/activities,http:/www.ontarioparks.com/park/charlestonlake/facilities,http:/www.ontarioparks.com/park/charlestonlake/maps
Chutes,http:/www.ontarioparks.com/park/chutes,http:/www.ontarioparks.com/park/chutes/camping,http:/www.ontarioparks.com/park/chutes/activities,http:/www.ontarioparks.com/park/chutes/facilities,http:/www.ontarioparks.com/park/chutes/maps
Craigleith,http:/www.ontarioparks.com/park/craigleith,http:/www.ontarioparks.com/park/craigleith/camping,http:/www.ontarioparks.com/park/craigleith/activities,http:/www.ontarioparks.com/park/craigleith/facilities,http:/www.ontarioparks.com/park/craigleith/maps
Darlington,http:/www.ontarioparks.com/park/darlington,http:/www.ontarioparks.com/park/darlington/camping,http:/www.ontarioparks.com/park/darlington/activities,http:/www.ontarioparks.com/park/darlington/facilities,http:/www.ontarioparks.com/park/darlington/maps
Driftwood,http:/www.ontarioparks.com/park/driftwood,http:/www.ontarioparks.com/park/driftwood/camping,http:/www.ontarioparks.com/park/driftwood/activities,http:/www.ontarioparks.com/park/driftwood/facilities,http:/www.ontarioparks.com/park/driftwood/maps
Earl Rowe,http:/www.ontarioparks.com/park/earlrowe,http:/www.ontarioparks.com/park/earlrowe/camping,http:/www.ontarioparks.com/park/earlrowe/activities,http:/www.ontarioparks.com/park/earlrowe/facilities,http:/www.ontarioparks.com/park/earlrowe/maps
Emily,http:/www.ontarioparks.com/park/emily,http:/www.ontarioparks.com/park/emily/camping,http:/www.ontarioparks.com/park/emily/activities,http:/www.ontarioparks.com/park/emily/facilities,http:/www.ontarioparks.com/park/emily/maps
Esker Lakes,http:/www.ontarioparks.com/park/eskerlakes,http:/www.ontarioparks.com/park/eskerlakes/camping,http:/www.ontarioparks.com/park/eskerlakes/activities,http:/www.ontarioparks.com/park/eskerlakes/facilities,http:/www.ontarioparks.com/park/eskerlakes/maps
Fairbank,http:/www.ontarioparks.com/park/fairbank,http:/www.ontarioparks.com/park/fairbank/camping,http:/www.ontarioparks.com/park/fairbank/activities,http:/www.ontarioparks.com/park/fairbank/facilities,http:/www.ontarioparks.com/park/fairbank/maps
Ferris,http:/www.ontarioparks.com/park/ferris,http:/www.ontarioparks.com/park/ferris/camping,http:/www.ontarioparks.com/park/ferris/activities,http:/www.ontarioparks.com/park/ferris/facilities,http:/www.ontarioparks.com/park/ferris/maps
Finlayson Point,http:/www.ontarioparks.com/park/finlaysonpoint,http:/www.ontarioparks.com/park/finlaysonpoint/camping,http:/www.ontarioparks.com/park/finlaysonpoint/activities,http:/www.ontarioparks.com/park/finlaysonpoint/facilities,http:/www.ontarioparks.com/park/finlaysonpoint/maps
Fitzroy,http:/www.ontarioparks.com/park/fitzroy,http:/www.ontarioparks.com/park/fitzroy/camping,http:/www.ontarioparks.com/park/fitzroy/activities,http:/www.ontarioparks.com/park/fitzroy/facilities,http:/www.ontarioparks.com/park/fitzroy/maps
Forks of the Credit,http:/www.ontarioparks.com/park/forksofthecredit,http:/www.ontarioparks.com/park/forksofthecredit/camping,http:/www.ontarioparks.com/park/forksofthecredit/activities,http:/www.ontarioparks.com/park/forksofthecredit/facilities,http:/www.ontarioparks.com/park/forksofthecredit/maps
French River,http:/www.ontarioparks.com/park/frenchriver,http:/www.ontarioparks.com/park/frenchriver/camping,http:/www.ontarioparks.com/park/frenchriver/activities,http:/www.ontarioparks.com/park/frenchriver/facilities,http:/www.ontarioparks.com/park/frenchriver/maps
Frontenac,http:/www.ontarioparks.com/park/frontenac,http:/www.ontarioparks.com/park/frontenac/camping,http:/www.ontarioparks.com/park/frontenac/activities,http:/www.ontarioparks.com/park/frontenac/facilities,http:/www.ontarioparks.com/park/frontenac/maps
Fushimi Lake,http:/www.ontarioparks.com/park/fushimilake,http:/www.ontarioparks.com/park/fushimilake/camping,http:/www.ontarioparks.com/park/fushimilake/activities,http:/www.ontarioparks.com/park/fushimilake/facilities,http:/www.ontarioparks.com/park/fushimilake/maps
Grundy Lake,http:/www.ontarioparks.com/park/grundylake,http:/www.ontarioparks.com/park/grundylake/camping,http:/www.ontarioparks.com/park/grundylake/activities,http:/www.ontarioparks.com/park/grundylake/facilities,http:/www.ontarioparks.com/park/grundylake/maps
Halfway Lake,http:/www.ontarioparks.com/park/halfwaylake,http:/www.ontarioparks.com/park/halfwaylake/camping,http:/www.ontarioparks.com/park/halfwaylake/activities,http:/www.ontarioparks.com/park/halfwaylake/facilities,http:/www.ontarioparks.com/park/halfwaylake/maps
Inverhuron,http:/www.ontarioparks.com/park/inverhuron,http:/www.ontarioparks.com/park/inverhuron/camping,http:/www.ontarioparks.com/park/inverhuron/activities,http:/www.ontarioparks.com/park/inverhuron/facilities,http:/www.ontarioparks.com/park/inverhuron/maps
Ivanhoe Lake,http:/www.ontarioparks.com/park/ivanhoelake,http:/www.ontarioparks.com/park/ivanhoelake/camping,http:/www.ontarioparks.com/park/ivanhoelake/activities,http:/www.ontarioparks.com/park/ivanhoelake/facilities,http:/www.ontarioparks.com/park/ivanhoelake/maps
John E. Pearce,http:/www.ontarioparks.com/park/johnepearce,http:/www.ontarioparks.com/park/johnepearce/camping,http:/www.ontarioparks.com/park/johnepearce/activities,http:/www.ontarioparks.com/park/johnepearce/facilities,http:/www.ontarioparks.com/park/johnepearce/maps
Kakabeka Falls,http:/www.ontarioparks.com/park/kakabekafalls,http:/www.ontarioparks.com/park/kakabekafalls/camping,http:/www.ontarioparks.com/park/kakabekafalls/activities,http:/www.ontarioparks.com/park/kakabekafalls/facilities,http:/www.ontarioparks.com/park/kakabekafalls/maps
Kap-Kig-Iwan,http:/www.ontarioparks.com/park/kapkigiwan,http:/www.ontarioparks.com/park/kapkigiwan/camping,http:/www.ontarioparks.com/park/kapkigiwan/activities,http:/www.ontarioparks.com/park/kapkigiwan/facilities,http:/www.ontarioparks.com/park/kapkigiwan/maps
Kawartha Highlands,http:/www.ontarioparks.com/park/kawarthahighlands,http:/www.ontarioparks.com/park/kawarthahighlands/camping,http:/www.ontarioparks.com/park/kawarthahighlands/activities,http:/www.ontarioparks.com/park/kawarthahighlands/facilities,http:/www.ontarioparks.com/park/kawarthahighlands/maps
Kettle Lakes,http:/www.ontarioparks.com/park/kettlelakes,http:/www.ontarioparks.com/park/kettlelakes/camping,http:/www.ontarioparks.com/park/kettlelakes/activities,http:/www.ontarioparks.com/park/kettlelakes/facilities,http:/www.ontarioparks.com/park/kettlelakes/maps
Killarney,http:/www.ontarioparks.com/park/killarney,http:/www.ontarioparks.com/park/killarney/camping,http:/www.ontarioparks.com/park/killarney/activities,http:/www.ontarioparks.com/park/killarney/facilities,http:/www.ontarioparks.com/park/killarney/maps
Killbear,http:/www.ontarioparks.com/park/killbear,http:/www.ontarioparks.com/park/killbear/camping,http:/www.ontarioparks.com/park/killbear/activities,http:/www.ontarioparks.com/park/killbear/facilities,http:/www.ontarioparks.com/park/killbear/maps
Lady Evelyn-Smoothwater,http:/www.ontarioparks.com/park/ladyevelynsmoothwater,http:/www.ontarioparks.com/park/ladyevelynsmoothwater/camping,http:/www.ontarioparks.com/park/ladyevelynsmoothwater/activities,http:/www.ontarioparks.com/park/ladyevelynsmoothwater/facilities,http:/www.ontarioparks.com/park/ladyevelynsmoothwater/maps
Lake on the Mountain,http:/www.ontarioparks.com/park/lakeonthemountain,http:/www.ontarioparks.com/park/lakeonthemountain/camping,http:/www.ontarioparks.com/park/lakeonthemountain/activities,http:/www.ontarioparks.com/park/lakeonthemountain/facilities,http:/www.ontarioparks.com/park/lakeonthemountain/maps
Lake St. Peter,http:/www.ontarioparks.com/park/lakestpeter,http:/www.ontarioparks.com/park/lakestpeter/camping,http:/www.ontarioparks.com/park/lakestpeter/activities,http:/www.ontarioparks.com/park/lakestpeter/facilities,http:/www.ontarioparks.com/park/lakestpeter/maps
Lake Superior,http:/www.ontarioparks.com/park/lakesuperior,http:/www.ontarioparks.com/park/lakesuperior/camping,http:/www.ontarioparks.com/park/lakesuperior/activities,http:/www.ontarioparks.com/park/lakesuperior/facilities,http:/www.ontarioparks.com/park/lakesuperior/maps
Long Point,http:/www.ontarioparks.com/park/longpoint,http:/www.ontarioparks.com/park/longpoint/camping,http:/www.ontarioparks.com/park/longpoint/activities,http:/www.ontarioparks.com/park/longpoint/facilities,http:/www.ontarioparks.com/park/longpoint/maps
MacGregor Point,http:/www.ontarioparks.com/park/macgregorpoint,http:/www.ontarioparks.com/park/macgregorpoint/camping,http:/www.ontarioparks.com/park/macgregorpoint/activities,http:/www.ontarioparks.com/park/macgregorpoint/facilities,http:/www.ontarioparks.com/park/macgregorpoint/maps
MacLeod,http:/www.ontarioparks.com/park/macleod,http:/www.ontarioparks.com/park/macleod/camping,http:/www.ontarioparks.com/park/macleod/activities,http:/www.ontarioparks.com/park/macleod/facilities,http:/www.ontarioparks.com/park/macleod/maps
Makobe-Grays River,http:/www.ontarioparks.com/park/makobegraysriver,http:/www.ontarioparks.com/park/makobegraysriver/camping,http:/www.ontarioparks.com/park/makobegraysriver/activities,http:/www.ontarioparks.com/park/makobegraysriver/facilities,http:/www.ontarioparks.com/park/makobegraysriver/maps
Mara,http:/www.ontarioparks.com/park/mara,http:/www.ontarioparks.com/park/mara/camping,http:/www.ontarioparks.com/park/mara/activities,http:/www.ontarioparks.com/park/mara/facilities,http:/www.ontarioparks.com/park/mara/maps
Mark S. Burnham,http:/www.ontarioparks.com/park/marksburnham,http:/www.ontarioparks.com/park/marksburnham/camping,http:/www.ontarioparks.com/park/marksburnham/activities,http:/www.ontarioparks.com/park/marksburnham/facilities,http:/www.ontarioparks.com/park/marksburnham/maps
Marten River,http:/www.ontarioparks.com/park/martenriver,http:/www.ontarioparks.com/park/martenriver/camping,http:/www.ontarioparks.com/park/martenriver/activities,http:/www.ontarioparks.com/park/martenriver/facilities,http:/www.ontarioparks.com/park/martenriver/maps
McRae Point,http:/www.ontarioparks.com/park/mcraepoint,http:/www.ontarioparks.com/park/mcraepoint/camping,http:/www.ontarioparks.com/park/mcraepoint/activities,http:/www.ontarioparks.com/park/mcraepoint/facilities,http:/www.ontarioparks.com/park/mcraepoint/maps
Mikisew,http:/www.ontarioparks.com/park/mikisew,http:/www.ontarioparks.com/park/mikisew/camping,http:/www.ontarioparks.com/park/mikisew/activities,http:/www.ontarioparks.com/park/mikisew/facilities,http:/www.ontarioparks.com/park/mikisew/maps
Misery Bay,http:/www.ontarioparks.com/park/miserybay,http:/www.ontarioparks.com/park/miserybay/camping,http:/www.ontarioparks.com/park/miserybay/activities,http:/www.ontarioparks.com/park/miserybay/facilities,http:/www.ontarioparks.com/park/miserybay/maps
Missinaibi,http:/www.ontarioparks.com/park/missinaibi,http:/www.ontarioparks.com/park/missinaibi/camping,http:/www.ontarioparks.com/park/missinaibi/activities,http:/www.ontarioparks.com/park/missinaibi/facilities,http:/www.ontarioparks.com/park/missinaibi/maps
Mississagi,http:/www.ontarioparks.com/park/mississagi,http:/www.ontarioparks.com/park/mississagi/camping,http:/www.ontarioparks.com/park/mississagi/activities,http:/www.ontarioparks.com/park/mississagi/facilities,http:/www.ontarioparks.com/park/mississagi/maps
Mono Cliffs,http:/www.ontarioparks.com/park/monocliffs,http:/www.ontarioparks.com/park/monocliffs/camping,http:/www.ontarioparks.com/park/monocliffs/activities,http:/www.ontarioparks.com/park/monocliffs/facilities,http:/www.ontarioparks.com/park/monocliffs/maps
Murphys Point,http:/www.ontarioparks.com/park/murphyspoint,http:/www.ontarioparks.com/park/murphyspoint/camping,http:/www.ontarioparks.com/park/murphyspoint/activities,http:/www.ontarioparks.com/park/murphyspoint/facilities,http:/www.ontarioparks.com/park/murphyspoint/maps
Nagagamisis,http:/www.ontarioparks.com/park/nagagamisis,http:/www.ontarioparks.com/park/nagagamisis/camping,http:/www.ontarioparks.com/park/nagagamisis/activities,http:/www.ontarioparks.com/park/nagagamisis/facilities,http:/www.ontarioparks.com/park/nagagamisis/maps
Neys,http:/www.ontarioparks.com/park/neys,http:/www.ontarioparks.com/park/neys/camping,http:/www.ontarioparks.com/park/neys/activities,http:/www.ontarioparks.com/park/neys/facilities,http:/www.ontarioparks.com/park/neys/maps
North Beach,http:/www.ontarioparks.com/park/northbeach,http:/www.ontarioparks.com/park/northbeach/camping,http:/www.ontarioparks.com/park/northbeach/activities,http:/www.ontarioparks.com/park/northbeach/facilities,http:/www.ontarioparks.com/park/northbeach/maps
Oastler Lake,http:/www.ontarioparks.com/park/oastlerlake,http:/www.ontarioparks.com/park/oastlerlake/camping,http:/www.ontarioparks.com/park/oastlerlake/activities,http:/www.ontarioparks.com/park/oastlerlake/facilities,http:/www.ontarioparks.com/park/oastlerlake/maps
Obabika River,http:/www.ontarioparks.com/park/obabikariver,http:/www.ontarioparks.com/park/obabikariver/camping,http:/www.ontarioparks.com/park/obabikariver/activities,http:/www.ontarioparks.com/park/obabikariver/facilities,http:/www.ontarioparks.com/park/obabikariver/maps
Ojibway,http:/www.ontarioparks.com/park/ojibway,http:/www.ontarioparks.com/park/ojibway/camping,http:/www.ontarioparks.com/park/ojibway/activities,http:/www.ontarioparks.com/park/ojibway/facilities,http:/www.ontarioparks.com/park/ojibway/maps
Ouimet Canyon,http:/www.ontarioparks.com/park/ouimetcanyon,http:/www.ontarioparks.com/park/ouimetcanyon/camping,http:/www.ontarioparks.com/park/ouimetcanyon/activities,http:/www.ontarioparks.com/park/ouimetcanyon/facilities,http:/www.ontarioparks.com/park/ouimetcanyon/maps
Oxtongue River - Ragged Falls,http:/www.ontarioparks.com/park/oxtongueriverraggedfalls,http:/www.ontarioparks.com/park/oxtongueriverraggedfalls/camping,http:/www.ontarioparks.com/park/oxtongueriverraggedfalls/activities,http:/www.ontarioparks.com/park/oxtongueriverraggedfalls/facilities,http:/www.ontarioparks.com/park/oxtongueriverraggedfalls/maps
Pakwash,http:/www.ontarioparks.com/park/pakwash,http:/www.ontarioparks.com/park/pakwash/camping,http:/www.ontarioparks.com/park/pakwash/activities,http:/www.ontarioparks.com/park/pakwash/facilities,http:/www.ontarioparks.com/park/pakwash/maps
Pancake Bay,http:/www.ontarioparks.com/park/pancakebay,http:/www.ontarioparks.com/park/pancakebay/camping,http:/www.ontarioparks.com/park/pancakebay/activities,http:/www.ontarioparks.com/park/pancakebay/facilities,http:/www.ontarioparks.com/park/pancakebay/maps
Petroglyphs,http:/www.ontarioparks.com/park/petroglyphs,http:/www.ontarioparks.com/park/petroglyphs/camping,http:/www.ontarioparks.com/park/petroglyphs/activities,http:/www.ontarioparks.com/park/petroglyphs/facilities,http:/www.ontarioparks.com/park/petroglyphs/maps
Pigeon River,http:/www.ontarioparks.com/park/pigeonriver,http:/www.ontarioparks.com/park/pigeonriver/camping,http:/www.ontarioparks.com/park/pigeonriver/activities,http:/www.ontarioparks.com/park/pigeonriver/facilities,http:/www.ontarioparks.com/park/pigeonriver/maps
Point Farms,http:/www.ontarioparks.com/park/pointfarms,http:/www.ontarioparks.com/park/pointfarms/camping,http:/www.ontarioparks.com/park/pointfarms/activities,http:/www.ontarioparks.com/park/pointfarms/facilities,http:/www.ontarioparks.com/park/pointfarms/maps
Port Bruce,http:/www.ontarioparks.com/park/portbruce,http:/www.ontarioparks.com/park/portbruce/camping,http:/www.ontarioparks.com/park/portbruce/activities,http:/www.ontarioparks.com/park/portbruce/facilities,http:/www.ontarioparks.com/park/portbruce/maps
Port Burwell,http:/www.ontarioparks.com/park/portburwell,http:/www.ontarioparks.com/park/portburwell/camping,http:/www.ontarioparks.com/park/portburwell/activities,http:/www.ontarioparks.com/park/portburwell/facilities,http:/www.ontarioparks.com/park/portburwell/maps
Potholes,http:/www.ontarioparks.com/park/potholes,http:/www.ontarioparks.com/park/potholes/camping,http:/www.ontarioparks.com/park/potholes/activities,http:/www.ontarioparks.com/park/potholes/facilities,http:/www.ontarioparks.com/park/potholes/maps
Presqu'ile,http:/www.ontarioparks.com/park/presquile,http:/www.ontarioparks.com/park/presquile/camping,http:/www.ontarioparks.com/park/presquile/activities,http:/www.ontarioparks.com/park/presquile/facilities,http:/www.ontarioparks.com/park/presquile/maps
Quetico,http:/www.ontarioparks.com/park/quetico,http:/www.ontarioparks.com/park/quetico/camping,http:/www.ontarioparks.com/park/quetico/activities,http:/www.ontarioparks.com/park/quetico/facilities,http:/www.ontarioparks.com/park/quetico/maps
Rainbow Falls,http:/www.ontarioparks.com/park/rainbowfalls,http:/www.ontarioparks.com/park/rainbowfalls/camping,http:/www.ontarioparks.com/park/rainbowfalls/activities,http:/www.ontarioparks.com/park/rainbowfalls/facilities,http:/www.ontarioparks.com/park/rainbowfalls/maps
René Brunelle,http:/www.ontarioparks.com/park/renebrunelle,http:/www.ontarioparks.com/park/renebrunelle/camping,http:/www.ontarioparks.com/park/renebrunelle/activities,http:/www.ontarioparks.com/park/renebrunelle/facilities,http:/www.ontarioparks.com/park/renebrunelle/maps
Restoule,http:/www.ontarioparks.com/park/restoule,http:/www.ontarioparks.com/park/restoule/camping,http:/www.ontarioparks.com/park/restoule/activities,http:/www.ontarioparks.com/park/restoule/facilities,http:/www.ontarioparks.com/park/restoule/maps
Rideau River,http:/www.ontarioparks.com/park/rideauriver,http:/www.ontarioparks.com/park/rideauriver/camping,http:/www.ontarioparks.com/park/rideauriver/activities,http:/www.ontarioparks.com/park/rideauriver/facilities,http:/www.ontarioparks.com/park/rideauriver/maps
Rock Point,http:/www.ontarioparks.com/park/rockpoint,http:/www.ontarioparks.com/park/rockpoint/camping,http:/www.ontarioparks.com/park/rockpoint/activities,http:/www.ontarioparks.com/park/rockpoint/facilities,http:/www.ontarioparks.com/park/rockpoint/maps
Rondeau,http:/www.ontarioparks.com/park/rondeau,http:/www.ontarioparks.com/park/rondeau/camping,http:/www.ontarioparks.com/park/rondeau/activities,http:/www.ontarioparks.com/park/rondeau/facilities,http:/www.ontarioparks.com/park/rondeau/maps
Rushing River,http:/www.ontarioparks.com/park/rushingriver,http:/www.ontarioparks.com/park/rushingriver/camping,http:/www.ontarioparks.com/park/rushingriver/activities,http:/www.ontarioparks.com/park/rushingriver/facilities,http:/www.ontarioparks.com/park/rushingriver/maps
Samuel De Champlain,http:/www.ontarioparks.com/park/samueldechamplain,http:/www.ontarioparks.com/park/samueldechamplain/camping,http:/www.ontarioparks.com/park/samueldechamplain/activities,http:/www.ontarioparks.com/park/samueldechamplain/facilities,http:/www.ontarioparks.com/park/samueldechamplain/maps
Sandbanks,http:/www.ontarioparks.com/park/sandbanks,http:/www.ontarioparks.com/park/sandbanks/camping,http:/www.ontarioparks.com/park/sandbanks/activities,http:/www.ontarioparks.com/park/sandbanks/facilities,http:/www.ontarioparks.com/park/sandbanks/maps
Sandbar Lake,http:/www.ontarioparks.com/park/sandbarlake,http:/www.ontarioparks.com/park/sandbarlake/camping,http:/www.ontarioparks.com/park/sandbarlake/activities,http:/www.ontarioparks.com/park/sandbarlake/facilities,http:/www.ontarioparks.com/park/sandbarlake/maps
Sauble Falls,http:/www.ontarioparks.com/park/saublefalls,http:/www.ontarioparks.com/park/saublefalls/camping,http:/www.ontarioparks.com/park/saublefalls/activities,http:/www.ontarioparks.com/park/saublefalls/facilities,http:/www.ontarioparks.com/park/saublefalls/maps
Selkirk,http:/www.ontarioparks.com/park/selkirk,http:/www.ontarioparks.com/park/selkirk/camping,http:/www.ontarioparks.com/park/selkirk/activities,http:/www.ontarioparks.com/park/selkirk/facilities,http:/www.ontarioparks.com/park/selkirk/maps
Sharbot Lake,http:/www.ontarioparks.com/park/sharbotlake,http:/www.ontarioparks.com/park/sharbotlake/camping,http:/www.ontarioparks.com/park/sharbotlake/activities,http:/www.ontarioparks.com/park/sharbotlake/facilities,http:/www.ontarioparks.com/park/sharbotlake/maps
Sibbald Point,http:/www.ontarioparks.com/park/sibbaldpoint,http:/www.ontarioparks.com/park/sibbaldpoint/camping,http:/www.ontarioparks.com/park/sibbaldpoint/activities,http:/www.ontarioparks.com/park/sibbaldpoint/facilities,http:/www.ontarioparks.com/park/sibbaldpoint/maps
Silent Lake,http:/www.ontarioparks.com/park/silentlake,http:/www.ontarioparks.com/park/silentlake/camping,http:/www.ontarioparks.com/park/silentlake/activities,http:/www.ontarioparks.com/park/silentlake/facilities,http:/www.ontarioparks.com/park/silentlake/maps
Silver Lake,http:/www.ontarioparks.com/park/silverlake,http:/www.ontarioparks.com/park/silverlake/camping,http:/www.ontarioparks.com/park/silverlake/activities,http:/www.ontarioparks.com/park/silverlake/facilities,http:/www.ontarioparks.com/park/silverlake/maps
Sioux Narrows,http:/www.ontarioparks.com/park/siouxnarrows,http:/www.ontarioparks.com/park/siouxnarrows/camping,http:/www.ontarioparks.com/park/siouxnarrows/activities,http:/www.ontarioparks.com/park/siouxnarrows/facilities,http:/www.ontarioparks.com/park/siouxnarrows/maps
Six Mile Lake,http:/www.ontarioparks.com/park/sixmilelake,http:/www.ontarioparks.com/park/sixmilelake/camping,http:/www.ontarioparks.com/park/sixmilelake/activities,http:/www.ontarioparks.com/park/sixmilelake/facilities,http:/www.ontarioparks.com/park/sixmilelake/maps
Sleeping Giant,http:/www.ontarioparks.com/park/sleepinggiant,http:/www.ontarioparks.com/park/sleepinggiant/camping,http:/www.ontarioparks.com/park/sleepinggiant/activities,http:/www.ontarioparks.com/park/sleepinggiant/facilities,http:/www.ontarioparks.com/park/sleepinggiant/maps
Solace,http:/www.ontarioparks.com/park/solace,http:/www.ontarioparks.com/park/solace/camping,http:/www.ontarioparks.com/park/solace/activities,http:/www.ontarioparks.com/park/solace/facilities,http:/www.ontarioparks.com/park/solace/maps
Spanish River,http:/www.ontarioparks.com/park/spanishriver,http:/www.ontarioparks.com/park/spanishriver/camping,http:/www.ontarioparks.com/park/spanishriver/activities,http:/www.ontarioparks.com/park/spanishriver/facilities,http:/www.ontarioparks.com/park/spanishriver/maps
Springwater,http:/www.ontarioparks.com/park/springwater,http:/www.ontarioparks.com/park/springwater/camping,http:/www.ontarioparks.com/park/springwater/activities,http:/www.ontarioparks.com/park/springwater/facilities,http:/www.ontarioparks.com/park/springwater/maps
Sturgeon Bay,http:/www.ontarioparks.com/park/sturgeonbay,http:/www.ontarioparks.com/park/sturgeonbay/camping,http:/www.ontarioparks.com/park/sturgeonbay/activities,http:/www.ontarioparks.com/park/sturgeonbay/facilities,http:/www.ontarioparks.com/park/sturgeonbay/maps
Sturgeon River,http:/www.ontarioparks.com/park/sturgeonriver,http:/www.ontarioparks.com/park/sturgeonriver/camping,http:/www.ontarioparks.com/park/sturgeonriver/activities,http:/www.ontarioparks.com/park/sturgeonriver/facilities,http:/www.ontarioparks.com/park/sturgeonriver/maps
The Massasauga,http:/www.ontarioparks.com/park/themassasauga,http:/www.ontarioparks.com/park/themassasauga/camping,http:/www.ontarioparks.com/park/themassasauga/activities,http:/www.ontarioparks.com/park/themassasauga/facilities,http:/www.ontarioparks.com/park/themassasauga/maps
The Pinery,http:/www.ontarioparks.com/park/thepinery,http:/www.ontarioparks.com/park/thepinery/camping,http:/www.ontarioparks.com/park/thepinery/activities,http:/www.ontarioparks.com/park/thepinery/facilities,http:/www.ontarioparks.com/park/thepinery/maps
Tidewater,http:/www.ontarioparks.com/park/tidewater,http:/www.ontarioparks.com/park/tidewater/camping,http:/www.ontarioparks.com/park/tidewater/activities,http:/www.ontarioparks.com/park/tidewater/facilities,http:/www.ontarioparks.com/park/tidewater/maps
Turkey Point,http:/www.ontarioparks.com/park/turkeypoint,http:/www.ontarioparks.com/park/turkeypoint/camping,http:/www.ontarioparks.com/park/turkeypoint/activities,http:/www.ontarioparks.com/park/turkeypoint/facilities,http:/www.ontarioparks.com/park/turkeypoint/maps
Voyageur,http:/www.ontarioparks.com/park/voyageur,http:/www.ontarioparks.com/park/voyageur/camping,http:/www.ontarioparks.com/park/voyageur/activities,http:/www.ontarioparks.com/park/voyageur/facilities,http:/www.ontarioparks.com/park/voyageur/maps
Wabakimi,http:/www.ontarioparks.com/park/wabakimi,http:/www.ontarioparks.com/park/wabakimi/camping,http:/www.ontarioparks.com/park/wabakimi/activities,http:/www.ontarioparks.com/park/wabakimi/facilities,http:/www.ontarioparks.com/park/wabakimi/maps
Wakami Lake,http:/www.ontarioparks.com/park/wakamilake,http:/www.ontarioparks.com/park/wakamilake/camping,http:/www.ontarioparks.com/park/wakamilake/activities,http:/www.ontarioparks.com/park/wakamilake/facilities,http:/www.ontarioparks.com/park/wakamilake/maps
Wasaga Beach,http:/www.ontarioparks.com/park/wasagabeach,http:/www.ontarioparks.com/park/wasagabeach/camping,http:/www.ontarioparks.com/park/wasagabeach/activities,http:/www.ontarioparks.com/park/wasagabeach/facilities,http:/www.ontarioparks.com/park/wasagabeach/maps
Wheatley,http:/www.ontarioparks.com/park/wheatley,http:/www.ontarioparks.com/park/wheatley/camping,http:/www.ontarioparks.com/park/wheatley/activities,http:/www.ontarioparks.com/park/wheatley/facilities,http:/www.ontarioparks.com/park/wheatley/maps
White Lake,http:/www.ontarioparks.com/park/whitelake,http:/www.ontarioparks.com/park/whitelake/camping,http:/www.ontarioparks.com/park/whitelake/activities,http:/www.ontarioparks.com/park/whitelake/facilities,http:/www.ontarioparks.com/park/whitelake/maps
Windy Lake,http:/www.ontarioparks.com/park/windylake,http:/www.ontarioparks.com/park/windylake/camping,http:/www.ontarioparks.com/park/windylake/activities,http:/www.ontarioparks.com/park/windylake/facilities,http:/www.ontarioparks.com/park/windylake/maps
Woodland Caribou,http:/www.ontarioparks.com/park/woodlandcaribou,http:/www.ontarioparks.com/park/woodlandcaribou/camping,http:/www.ontarioparks.com/park/woodlandcaribou/activities,http:/www.ontarioparks.com/park/woodlandcaribou/facilities,http:/www.ontarioparks.com/park/woodlandcaribou/maps
